Iteration,Cost,Cost Diff
1,4529.10892049,301.09655203
2,4277.99115895,251.11776154
3,4067.94126591,210.04989304
